City,Year,Month,Day,Hour,Minute,Temperature,Relative humidity
Armenia,2017,8,30,0,0,18.05,71
Armenia,2017,8,30,1,0,18.05,70
Armenia,2017,8,30,2,0,17.88,72
Armenia,2017,8,30,3,0,17.69,73
Armenia,2017,8,30,4,0,17.53,73
Armenia,2017,8,30,5,0,17.42,73
Armenia,2017,8,30,6,0,17.15,74
Armenia,2017,8,30,7,0,18.41,83
Armenia,2017,8,30,8,0,20.27,78
Armenia,2017,8,30,9,0,19.47,86
Armenia,2017,8,30,10,0,18.73,94
Armenia,2017,8,30,11,0,18.58,95
Armenia,2017,8,30,12,0,18.45,96
Armenia,2017,8,30,13,0,18.77,95
Armenia,2017,8,30,14,0,19.33,94
Armenia,2017,8,30,15,0,20.69,89
Armenia,2017,8,30,16,0,19.67,94
Armenia,2017,8,30,17,0,19.18,97
Armenia,2017,8,30,18,0,18.8,95
Armenia,2017,8,30,19,0,18.03,97
Armenia,2017,8,30,20,0,18.11,92
Armenia,2017,8,30,21,0,18.41,86
Armenia,2017,8,30,22,0,18.23,85
Armenia,2017,8,30,23,0,18.01,86
Armenia,2017,8,31,0,0,17.68,83
Armenia,2017,8,31,1,0,17.25,77
Armenia,2017,8,31,2,0,16.82,71
Armenia,2017,8,31,3,0,16.36,69
Armenia,2017,8,31,4,0,15.86,68
Armenia,2017,8,31,5,0,15.43,67
Armenia,2017,8,31,6,0,15.02,66
Armenia,2017,8,31,7,0,17.25,69
Armenia,2017,8,31,8,0,21.17,63
Armenia,2017,8,31,9,0,22.6,61
Armenia,2017,8,31,10,0,23.8,60
Armenia,2017,8,31,11,0,24.72,60
Armenia,2017,8,31,12,0,25.49,59
Armenia,2017,8,31,13,0,25.84,58
Armenia,2017,8,31,14,0,25.85,58
Armenia,2017,8,31,15,0,25.47,59
Armenia,2017,8,31,16,0,25.01,60
Armenia,2017,8,31,17,0,24.25,61
Armenia,2017,8,31,18,0,22.69,64
Armenia,2017,8,31,19,0,21.3,64
Armenia,2017,8,31,20,0,19.56,60
Armenia,2017,8,31,21,0,17.99,61
Armenia,2017,8,31,22,0,19.22,53
Armenia,2017,8,31,23,0,19.6,52
Armenia,2017,9,1,0,0,18.81,58
Armenia,2017,9,1,1,0,18.18,61
Armenia,2017,9,1,2,0,17.6,64
Armenia,2017,9,1,3,0,17.14,65
Armenia,2017,9,1,4,0,16.77,64
Armenia,2017,9,1,5,0,16.22,63
Armenia,2017,9,1,6,0,15.55,63
Armenia,2017,9,1,7,0,15.04,67
Armenia,2017,9,1,8,0,19.55,61
Armenia,2017,9,1,9,0,20.43,64
Armenia,2017,9,1,10,0,20.69,74
Armenia,2017,9,1,11,0,21.29,81
Armenia,2017,9,1,12,0,21.13,88
Armenia,2017,9,1,13,0,21.19,90
Armenia,2017,9,1,14,0,21.03,92
Armenia,2017,9,1,15,0,22.1,89
Armenia,2017,9,1,16,0,22.03,88
Armenia,2017,9,1,17,0,22.56,84
Armenia,2017,9,1,18,0,21.69,82
Armenia,2017,9,1,19,0,20.86,79
Armenia,2017,9,1,20,0,19.19,69
Armenia,2017,9,1,21,0,17.23,64
Armenia,2017,9,1,22,0,16.79,60
Armenia,2017,9,1,23,0,16.93,58
Armenia,2017,9,2,0,0,18.66,52
Armenia,2017,9,2,1,0,18.89,54
Armenia,2017,9,2,2,0,17.87,62
Armenia,2017,9,2,3,0,17.33,66
Armenia,2017,9,2,4,0,16.96,64
Armenia,2017,9,2,5,0,16.47,62
Armenia,2017,9,2,6,0,16,61
Armenia,2017,9,2,7,0,18.62,62
Armenia,2017,9,2,8,0,20.11,66
Armenia,2017,9,2,9,0,20.98,73
Armenia,2017,9,2,10,0,20.63,83
Armenia,2017,9,2,11,0,19.55,92
Armenia,2017,9,2,12,0,19.69,91
Armenia,2017,9,2,13,0,20.78,87
Armenia,2017,9,2,14,0,20.09,91
Armenia,2017,9,2,15,0,19.86,93
Armenia,2017,9,2,16,0,19.38,94
Armenia,2017,9,2,17,0,19.9,93
Armenia,2017,9,2,18,0,19.28,94
Armenia,2017,9,2,19,0,18.98,95
Armenia,2017,9,2,20,0,18.58,92
Armenia,2017,9,2,21,0,18.39,81
Armenia,2017,9,2,22,0,17.98,74
Armenia,2017,9,2,23,0,17.41,73
Armenia,2017,9,3,0,0,16.95,73
Armenia,2017,9,3,1,0,16.77,73
Armenia,2017,9,3,2,0,16.83,71
Armenia,2017,9,3,3,0,17.05,69
Armenia,2017,9,3,4,0,17.14,67
Armenia,2017,9,3,5,0,16.73,68
Armenia,2017,9,3,6,0,16.37,65
Armenia,2017,9,3,7,0,17.74,69
Armenia,2017,9,3,8,0,21.15,64
Armenia,2017,9,3,9,0,22.26,66
Armenia,2017,9,3,10,0,22.9,69
Armenia,2017,9,3,11,0,23.98,67
Armenia,2017,9,3,12,0,24.88,63
Armenia,2017,9,3,13,0,25.4,60
Armenia,2017,9,3,14,0,25.46,59
Armenia,2017,9,3,15,0,25.12,61
Armenia,2017,9,3,16,0,24.14,67
Armenia,2017,9,3,17,0,23.14,72
Armenia,2017,9,3,18,0,21.96,74
Armenia,2017,9,3,19,0,21.11,70
Armenia,2017,9,3,20,0,20.4,64
Armenia,2017,9,3,21,0,19.29,62
Armenia,2017,9,3,22,0,18.31,63
Armenia,2017,9,3,23,0,17.45,63
Armenia,2017,9,4,0,0,16.74,61
Armenia,2017,9,4,1,0,16.26,59
Armenia,2017,9,4,2,0,15.74,59
Armenia,2017,9,4,3,0,15.54,59
Armenia,2017,9,4,4,0,15.48,59
Armenia,2017,9,4,5,0,15.39,58
Armenia,2017,9,4,6,0,15.36,56
Armenia,2017,9,4,7,0,16.6,62
Armenia,2017,9,4,8,0,19.44,59
Armenia,2017,9,4,9,0,19.86,71
Armenia,2017,9,4,10,0,20.3,82
Armenia,2017,9,4,11,0,19.56,91
Armenia,2017,9,4,12,0,19.03,95
Armenia,2017,9,4,13,0,19.35,94
Armenia,2017,9,4,14,0,19.79,94
Armenia,2017,9,4,15,0,21.01,89
Armenia,2017,9,4,16,0,21.89,88
Armenia,2017,9,4,17,0,22.02,86
Armenia,2017,9,4,18,0,21.01,88
Armenia,2017,9,4,19,0,20.22,90
Armenia,2017,9,4,20,0,19.67,88
Armenia,2017,9,4,21,0,19.3,81
Armenia,2017,9,4,22,0,18.82,71
Armenia,2017,9,4,23,0,18.13,66
Armenia,2017,9,5,0,0,17.59,63
Armenia,2017,9,5,1,0,16.96,63
Armenia,2017,9,5,2,0,16.26,63
Armenia,2017,9,5,3,0,15.84,62
Armenia,2017,9,5,4,0,16.04,60
Armenia,2017,9,5,5,0,16.23,59
Armenia,2017,9,5,6,0,16.33,59
Armenia,2017,9,5,7,0,17.31,67
Armenia,2017,9,5,8,0,19.31,70
Armenia,2017,9,5,9,0,19.53,82
Armenia,2017,9,5,10,0,18.71,95
Armenia,2017,9,5,11,0,18.64,96
Armenia,2017,9,5,12,0,18.58,96
Armenia,2017,9,5,13,0,18.94,95
Armenia,2017,9,5,14,0,19.33,94
Armenia,2017,9,5,15,0,19.48,93
Armenia,2017,9,5,16,0,19.22,94
Armenia,2017,9,5,17,0,20.24,88
Armenia,2017,9,5,18,0,19.64,90
Armenia,2017,9,5,19,0,19.14,89
Armenia,2017,9,5,20,0,19.17,78
Armenia,2017,9,5,21,0,18.83,69
Armenia,2017,9,5,22,0,17.88,65
Armenia,2017,9,5,23,0,17.03,66
Armenia,2017,9,6,0,0,16.51,68
Armenia,2017,9,6,1,0,16.4,68
Armenia,2017,9,6,2,0,16.3,68
Armenia,2017,9,6,3,0,16.22,67
Armenia,2017,9,6,4,0,16.04,66
Armenia,2017,9,6,5,0,15.6,66
Armenia,2017,9,6,6,0,15.13,65
Armenia,2017,9,6,7,0,16.52,70
Armenia,2017,9,6,8,0,19.46,67
Armenia,2017,9,6,9,0,20.18,74
Armenia,2017,9,6,10,0,20.2,84
Armenia,2017,9,6,11,0,19.95,89
Armenia,2017,9,6,12,0,19.97,91
Armenia,2017,9,6,13,0,19.75,92
Armenia,2017,9,6,14,0,21.55,86
Armenia,2017,9,6,15,0,22.45,84
Armenia,2017,9,6,16,0,22.13,84
Armenia,2017,9,6,17,0,21.53,86
Armenia,2017,9,6,18,0,20.37,89
Armenia,2017,9,6,19,0,19.65,93
Barranquilla,2017,8,30,0,0,24.75,94
Barranquilla,2017,8,30,1,0,24.44,94
Barranquilla,2017,8,30,2,0,24.11,94
Barranquilla,2017,8,30,3,0,24.07,95
Barranquilla,2017,8,30,4,0,24.23,93
Barranquilla,2017,8,30,5,0,24.37,92
Barranquilla,2017,8,30,6,0,24.5,91
Barranquilla,2017,8,30,7,0,26.55,87
Barranquilla,2017,8,30,8,0,27.41,81
Barranquilla,2017,8,30,9,0,28.15,76
Barranquilla,2017,8,30,10,0,29.13,73
Barranquilla,2017,8,30,11,0,29.85,68
Barranquilla,2017,8,30,12,0,30.44,65
Barranquilla,2017,8,30,13,0,30.75,63
Barranquilla,2017,8,30,14,0,30.79,63
Barranquilla,2017,8,30,15,0,30.43,66
Barranquilla,2017,8,30,16,0,29.63,70
Barranquilla,2017,8,30,17,0,28.67,75
Barranquilla,2017,8,30,18,0,27.71,80
Barranquilla,2017,8,30,19,0,27.41,83
Barranquilla,2017,8,30,20,0,27.27,84
Barranquilla,2017,8,30,21,0,27.08,85
Barranquilla,2017,8,30,22,0,26.89,85
Barranquilla,2017,8,30,23,0,26.68,87
Barranquilla,2017,8,31,0,0,26.47,88
Barranquilla,2017,8,31,1,0,26.28,88
Barranquilla,2017,8,31,2,0,26.21,88
Barranquilla,2017,8,31,3,0,26.14,88
Barranquilla,2017,8,31,4,0,26.09,89
Barranquilla,2017,8,31,5,0,26.17,88
Barranquilla,2017,8,31,6,0,26.04,85
Barranquilla,2017,8,31,7,0,25.87,90
Barranquilla,2017,8,31,8,0,26.11,91
Barranquilla,2017,8,31,9,0,26.09,87
Barranquilla,2017,8,31,10,0,26.74,81
Barranquilla,2017,8,31,11,0,28.05,75
Barranquilla,2017,8,31,12,0,28.84,72
Barranquilla,2017,8,31,13,0,29.41,71
Barranquilla,2017,8,31,14,0,29.61,71
Barranquilla,2017,8,31,15,0,29.42,71
Barranquilla,2017,8,31,16,0,28.81,73
Barranquilla,2017,8,31,17,0,27.94,77
Barranquilla,2017,8,31,18,0,27.43,79
Barranquilla,2017,8,31,19,0,27.24,81
Barranquilla,2017,8,31,20,0,27.15,82
Barranquilla,2017,8,31,21,0,27.05,83
Barranquilla,2017,8,31,22,0,26.92,84
Barranquilla,2017,8,31,23,0,26.79,85
Barranquilla,2017,9,1,0,0,26.73,85
Barranquilla,2017,9,1,1,0,26.69,85
Barranquilla,2017,9,1,2,0,26.59,84
Barranquilla,2017,9,1,3,0,26.49,84
Barranquilla,2017,9,1,4,0,26.43,84
Barranquilla,2017,9,1,5,0,26.34,85
Barranquilla,2017,9,1,6,0,26.18,85
Barranquilla,2017,9,1,7,0,27.91,81
Barranquilla,2017,9,1,8,0,29.01,77
Barranquilla,2017,9,1,9,0,30.45,71
Barranquilla,2017,9,1,10,0,28.98,74
Barranquilla,2017,9,1,11,0,28.2,75
Barranquilla,2017,9,1,12,0,27.79,77
Barranquilla,2017,9,1,13,0,28.26,76
Barranquilla,2017,9,1,14,0,28.63,75
Barranquilla,2017,9,1,15,0,29.32,70
Barranquilla,2017,9,1,16,0,29.58,70
Barranquilla,2017,9,1,17,0,29.09,72
Barranquilla,2017,9,1,18,0,28.1,77
Barranquilla,2017,9,1,19,0,27.4,81
Barranquilla,2017,9,1,20,0,27.2,84
Barranquilla,2017,9,1,21,0,27.1,85
Barranquilla,2017,9,1,22,0,27,84
Barranquilla,2017,9,1,23,0,26.95,84
Barranquilla,2017,9,2,0,0,26.88,83
Barranquilla,2017,9,2,1,0,26.78,83
Barranquilla,2017,9,2,2,0,26.67,85
Barranquilla,2017,9,2,3,0,26.65,85
Barranquilla,2017,9,2,4,0,26.35,86
Barranquilla,2017,9,2,5,0,26,88
Barranquilla,2017,9,2,6,0,25.55,91
Barranquilla,2017,9,2,7,0,27.42,87
Barranquilla,2017,9,2,8,0,28.44,84
Barranquilla,2017,9,2,9,0,28.01,80
Barranquilla,2017,9,2,10,0,28.55,73
Barranquilla,2017,9,2,11,0,29.24,70
Barranquilla,2017,9,2,12,0,29.83,68
Barranquilla,2017,9,2,13,0,30.43,66
Barranquilla,2017,9,2,14,0,30.58,65
Barranquilla,2017,9,2,15,0,30.28,67
Barranquilla,2017,9,2,16,0,29.72,69
Barranquilla,2017,9,2,17,0,29.03,71
Barranquilla,2017,9,2,18,0,28.2,76
Barranquilla,2017,9,2,19,0,27.62,78
Barranquilla,2017,9,2,20,0,27.36,79
Barranquilla,2017,9,2,21,0,27.03,80
Barranquilla,2017,9,2,22,0,26.75,82
Barranquilla,2017,9,2,23,0,26.6,83
Barranquilla,2017,9,3,0,0,26.37,84
Barranquilla,2017,9,3,1,0,26.19,86
Barranquilla,2017,9,3,2,0,26.09,87
Barranquilla,2017,9,3,3,0,25.96,87
Barranquilla,2017,9,3,4,0,25.81,88
Barranquilla,2017,9,3,5,0,25.66,88
Barranquilla,2017,9,3,6,0,25.44,92
Barranquilla,2017,9,3,7,0,27.24,88
Barranquilla,2017,9,3,8,0,28.56,80
Barranquilla,2017,9,3,9,0,29.1,76
Barranquilla,2017,9,3,10,0,29.36,73
Barranquilla,2017,9,3,11,0,29.38,71
Barranquilla,2017,9,3,12,0,30.61,64
Barranquilla,2017,9,3,13,0,31.21,61
Barranquilla,2017,9,3,14,0,31.31,61
Barranquilla,2017,9,3,15,0,30.71,63
Barranquilla,2017,9,3,16,0,29.99,64
Barranquilla,2017,9,3,17,0,29.78,65
Barranquilla,2017,9,3,18,0,29.32,67
Barranquilla,2017,9,3,19,0,28.97,69
Barranquilla,2017,9,3,20,0,28.44,73
Barranquilla,2017,9,3,21,0,27.84,77
Barranquilla,2017,9,3,22,0,27.47,81
Barranquilla,2017,9,3,23,0,27.24,82
Barranquilla,2017,9,4,0,0,27.13,82
Barranquilla,2017,9,4,1,0,27.01,81
Barranquilla,2017,9,4,2,0,26.97,81
Barranquilla,2017,9,4,3,0,26.91,80
Barranquilla,2017,9,4,4,0,26.81,81
Barranquilla,2017,9,4,5,0,26.9,80
Barranquilla,2017,9,4,6,0,26.68,77
Barranquilla,2017,9,4,7,0,27.31,76
Barranquilla,2017,9,4,8,0,27.67,74
Barranquilla,2017,9,4,9,0,28.38,71
Barranquilla,2017,9,4,10,0,29.14,69
Barranquilla,2017,9,4,11,0,29.43,69
Barranquilla,2017,9,4,12,0,29.56,67
Barranquilla,2017,9,4,13,0,29.68,67
Barranquilla,2017,9,4,14,0,29.61,66
Barranquilla,2017,9,4,15,0,29.58,66
Barranquilla,2017,9,4,16,0,29.52,67
Barranquilla,2017,9,4,17,0,29.13,69
Barranquilla,2017,9,4,18,0,28.39,73
Barranquilla,2017,9,4,19,0,27.91,75
Barranquilla,2017,9,4,20,0,27.59,77
Barranquilla,2017,9,4,21,0,27.37,79
Barranquilla,2017,9,4,22,0,27.15,81
Barranquilla,2017,9,4,23,0,27.01,82
Barranquilla,2017,9,5,0,0,26.93,82
Barranquilla,2017,9,5,1,0,26.83,82
Barranquilla,2017,9,5,2,0,26.61,83
Barranquilla,2017,9,5,3,0,26.44,84
Barranquilla,2017,9,5,4,0,26.26,84
Barranquilla,2017,9,5,5,0,25.91,86
Barranquilla,2017,9,5,6,0,25.51,88
Barranquilla,2017,9,5,7,0,26.37,85
Barranquilla,2017,9,5,8,0,27.95,76
Barranquilla,2017,9,5,9,0,29.03,69
Barranquilla,2017,9,5,10,0,30.01,63
Barranquilla,2017,9,5,11,0,30.74,60
Barranquilla,2017,9,5,12,0,31.15,59
Barranquilla,2017,9,5,13,0,30.89,60
Barranquilla,2017,9,5,14,0,30.1,63
Barranquilla,2017,9,5,15,0,30.2,64
Barranquilla,2017,9,5,16,0,29.59,67
Barranquilla,2017,9,5,17,0,28.82,70
Barranquilla,2017,9,5,18,0,27.93,73
Barranquilla,2017,9,5,19,0,27.53,75
Barranquilla,2017,9,5,20,0,27.24,76
Barranquilla,2017,9,5,21,0,27.07,77
Barranquilla,2017,9,5,22,0,26.92,78
Barranquilla,2017,9,5,23,0,26.74,79
Barranquilla,2017,9,6,0,0,26.5,81
Barranquilla,2017,9,6,1,0,26.25,82
Barranquilla,2017,9,6,2,0,25.92,84
Barranquilla,2017,9,6,3,0,25.6,85
Barranquilla,2017,9,6,4,0,25.27,87
Barranquilla,2017,9,6,5,0,24.99,89
Barranquilla,2017,9,6,6,0,24.76,90
Barranquilla,2017,9,6,7,0,26.01,85
Barranquilla,2017,9,6,8,0,27.49,77
Barranquilla,2017,9,6,9,0,28.65,72
Barranquilla,2017,9,6,10,0,28.77,70
Barranquilla,2017,9,6,11,0,29.07,68
Barranquilla,2017,9,6,12,0,29.13,68
Barranquilla,2017,9,6,13,0,29.12,68
Barranquilla,2017,9,6,14,0,28.98,69
Barranquilla,2017,9,6,15,0,29.37,68
Barranquilla,2017,9,6,16,0,29.18,69
Barranquilla,2017,9,6,17,0,28.7,71
Barranquilla,2017,9,6,18,0,27.98,73
Barranquilla,2017,9,6,19,0,27.57,76
Bogota,2017,8,30,0,0,12.19,74
Bogota,2017,8,30,1,0,11.83,75
Bogota,2017,8,30,2,0,11.55,76
Bogota,2017,8,30,3,0,11.36,77
Bogota,2017,8,30,4,0,11.14,77
Bogota,2017,8,30,5,0,10.67,78
Bogota,2017,8,30,6,0,9.98,78
Bogota,2017,8,30,7,0,11.35,78
Bogota,2017,8,30,8,0,13.17,69
Bogota,2017,8,30,9,0,14.46,62
Bogota,2017,8,30,10,0,15.7,58
Bogota,2017,8,30,11,0,16.75,55
Bogota,2017,8,30,12,0,17.46,51
Bogota,2017,8,30,13,0,17.74,53
Bogota,2017,8,30,14,0,17.94,50
Bogota,2017,8,30,15,0,17.9,49
Bogota,2017,8,30,16,0,17.59,51
Bogota,2017,8,30,17,0,16.98,53
Bogota,2017,8,30,18,0,16.04,57
Bogota,2017,8,30,19,0,15,64
Bogota,2017,8,30,20,0,14.11,67
Bogota,2017,8,30,21,0,13.25,66
Bogota,2017,8,30,22,0,12.37,68
Bogota,2017,8,30,23,0,11.73,75
Bogota,2017,8,31,0,0,11.01,80
Bogota,2017,8,31,1,0,10.69,78
Bogota,2017,8,31,2,0,10.13,78
Bogota,2017,8,31,3,0,9.68,79
Bogota,2017,8,31,4,0,9.61,81
Bogota,2017,8,31,5,0,9.53,83
Bogota,2017,8,31,6,0,9.65,82
Bogota,2017,8,31,7,0,11.58,73
Bogota,2017,8,31,8,0,13.61,63
Bogota,2017,8,31,9,0,14.07,60
Bogota,2017,8,31,10,0,14.39,65
Bogota,2017,8,31,11,0,15.62,58
Bogota,2017,8,31,12,0,16.74,52
Bogota,2017,8,31,13,0,17.46,48
Bogota,2017,8,31,14,0,17.55,49
Bogota,2017,8,31,15,0,17.22,52
Bogota,2017,8,31,16,0,16.7,52
Bogota,2017,8,31,17,0,16.09,51
Bogota,2017,8,31,18,0,15.05,55
Bogota,2017,8,31,19,0,14.26,63
Bogota,2017,8,31,20,0,13.66,68
Bogota,2017,8,31,21,0,12.65,74
Bogota,2017,8,31,22,0,11.87,78
Bogota,2017,8,31,23,0,11.38,78
Bogota,2017,9,1,0,0,11.04,77
Bogota,2017,9,1,1,0,10.66,78
Bogota,2017,9,1,2,0,10.18,80
Bogota,2017,9,1,3,0,9.66,82
Bogota,2017,9,1,4,0,9.15,84
Bogota,2017,9,1,5,0,8.55,86
Bogota,2017,9,1,6,0,8.32,84
Bogota,2017,9,1,7,0,10.31,63
Bogota,2017,9,1,8,0,14.29,46
Bogota,2017,9,1,9,0,15.59,41
Bogota,2017,9,1,10,0,16.52,42
Bogota,2017,9,1,11,0,17.14,45
Bogota,2017,9,1,12,0,17.81,46
Bogota,2017,9,1,13,0,18.23,43
Bogota,2017,9,1,14,0,18.36,46
Bogota,2017,9,1,15,0,18.5,44
Bogota,2017,9,1,16,0,18.18,44
Bogota,2017,9,1,17,0,17.36,46
Bogota,2017,9,1,18,0,16.02,50
Bogota,2017,9,1,19,0,14.76,61
Bogota,2017,9,1,20,0,14.22,67
Bogota,2017,9,1,21,0,13.58,71
Bogota,2017,9,1,22,0,12.92,78
Bogota,2017,9,1,23,0,12.38,84
Bogota,2017,9,2,0,0,11.67,88
Bogota,2017,9,2,1,0,10.86,90
Bogota,2017,9,2,2,0,10.09,90
Bogota,2017,9,2,3,0,9.48,86
Bogota,2017,9,2,4,0,8.98,81
Bogota,2017,9,2,5,0,8.84,76
Bogota,2017,9,2,6,0,8.71,74
Bogota,2017,9,2,7,0,10.88,71
Bogota,2017,9,2,8,0,14.13,57
Bogota,2017,9,2,9,0,16.09,47
Bogota,2017,9,2,10,0,17.43,45
Bogota,2017,9,2,11,0,18.35,45
Bogota,2017,9,2,12,0,18.69,47
Bogota,2017,9,2,13,0,18.3,51
Bogota,2017,9,2,14,0,17.98,49
Bogota,2017,9,2,15,0,17.93,47
Bogota,2017,9,2,16,0,17.55,49
Bogota,2017,9,2,17,0,16.88,52
Bogota,2017,9,2,18,0,15.74,58
Bogota,2017,9,2,19,0,14.57,67
Bogota,2017,9,2,20,0,13.52,73
Bogota,2017,9,2,21,0,12.66,73
Bogota,2017,9,2,22,0,11.93,72
Bogota,2017,9,2,23,0,11.28,73
Bogota,2017,9,3,0,0,11.51,71
Bogota,2017,9,3,1,0,11.78,69
Bogota,2017,9,3,2,0,11.03,74
Bogota,2017,9,3,3,0,10.19,78
Bogota,2017,9,3,4,0,9.6,77
Bogota,2017,9,3,5,0,9.18,77
Bogota,2017,9,3,6,0,8.92,80
Bogota,2017,9,3,7,0,12.34,66
Bogota,2017,9,3,8,0,14.13,59
Bogota,2017,9,3,9,0,14.87,59
Bogota,2017,9,3,10,0,14.96,60
Bogota,2017,9,3,11,0,15.82,56
Bogota,2017,9,3,12,0,16.78,49
Bogota,2017,9,3,13,0,17.23,47
Bogota,2017,9,3,14,0,17.89,44
Bogota,2017,9,3,15,0,18.43,41
Bogota,2017,9,3,16,0,17.61,47
Bogota,2017,9,3,17,0,15.52,62
Bogota,2017,9,3,18,0,14.49,67
Bogota,2017,9,3,19,0,13.76,69
Bogota,2017,9,3,20,0,12.87,72
Bogota,2017,9,3,21,0,12,73
Bogota,2017,9,3,22,0,11.24,73
Bogota,2017,9,3,23,0,10.77,71
Bogota,2017,9,4,0,0,10.2,72
Bogota,2017,9,4,1,0,9.77,74
Bogota,2017,9,4,2,0,9.27,77
Bogota,2017,9,4,3,0,8.97,78
Bogota,2017,9,4,4,0,8.79,78
Bogota,2017,9,4,5,0,8.7,76
Bogota,2017,9,4,6,0,8.62,73
Bogota,2017,9,4,7,0,10.43,68
Bogota,2017,9,4,8,0,14.19,54
Bogota,2017,9,4,9,0,16.77,45
Bogota,2017,9,4,10,0,18.2,39
Bogota,2017,9,4,11,0,18.72,38
Bogota,2017,9,4,12,0,18.68,42
Bogota,2017,9,4,13,0,18.9,44
Bogota,2017,9,4,14,0,19.3,42
Bogota,2017,9,4,15,0,19.34,42
Bogota,2017,9,4,16,0,18.84,44
Bogota,2017,9,4,17,0,18.08,47
Bogota,2017,9,4,18,0,16.69,55
Bogota,2017,9,4,19,0,15.33,64
Bogota,2017,9,4,20,0,14.21,71
Bogota,2017,9,4,21,0,13.35,73
Bogota,2017,9,4,22,0,12.54,73
Bogota,2017,9,4,23,0,11.93,75
Bogota,2017,9,5,0,0,11.73,82
Bogota,2017,9,5,1,0,11.76,83
Bogota,2017,9,5,2,0,11.68,82
Bogota,2017,9,5,3,0,11.51,82
Bogota,2017,9,5,4,0,11.41,82
Bogota,2017,9,5,5,0,11.44,82
Bogota,2017,9,5,6,0,11.62,80
Bogota,2017,9,5,7,0,12.6,74
Bogota,2017,9,5,8,0,14.96,59
Bogota,2017,9,5,9,0,16.93,48
Bogota,2017,9,5,10,0,18.4,43
Bogota,2017,9,5,11,0,19.55,41
Bogota,2017,9,5,12,0,20.39,41
Bogota,2017,9,5,13,0,20.78,42
Bogota,2017,9,5,14,0,18.21,57
Bogota,2017,9,5,15,0,16.5,67
Bogota,2017,9,5,16,0,15.47,71
Bogota,2017,9,5,17,0,14.96,72
Bogota,2017,9,5,18,0,14.43,74
Bogota,2017,9,5,19,0,14.16,75
Bogota,2017,9,5,20,0,13.96,75
Bogota,2017,9,5,21,0,13.5,77
Bogota,2017,9,5,22,0,12.94,78
Bogota,2017,9,5,23,0,12.2,78
Bogota,2017,9,6,0,0,11.58,75
Bogota,2017,9,6,1,0,11.12,76
Bogota,2017,9,6,2,0,10.59,78
Bogota,2017,9,6,3,0,10.21,79
Bogota,2017,9,6,4,0,9.93,80
Bogota,2017,9,6,5,0,9.66,83
Bogota,2017,9,6,6,0,9.53,84
Bogota,2017,9,6,7,0,11.09,76
Bogota,2017,9,6,8,0,13.69,63
Bogota,2017,9,6,9,0,16.02,51
Bogota,2017,9,6,10,0,17.55,46
Bogota,2017,9,6,11,0,18.22,46
Bogota,2017,9,6,12,0,18,50
Bogota,2017,9,6,13,0,18.21,50
Bogota,2017,9,6,14,0,18.67,49
Bogota,2017,9,6,15,0,18.93,46
Bogota,2017,9,6,16,0,18.76,47
Bogota,2017,9,6,17,0,17.86,53
Bogota,2017,9,6,18,0,16.32,62
Bogota,2017,9,6,19,0,15.01,70
Cali,2017,8,30,0,0,21.58,87
Cali,2017,8,30,1,0,21.03,89
Cali,2017,8,30,2,0,20.74,91
Cali,2017,8,30,3,0,20.64,91
Cali,2017,8,30,4,0,20.56,91
Cali,2017,8,30,5,0,20.62,90
Cali,2017,8,30,6,0,20.59,88
Cali,2017,8,30,7,0,21.76,88
Cali,2017,8,30,8,0,22.99,83
Cali,2017,8,30,9,0,23.34,74
Cali,2017,8,30,10,0,24.92,68
Cali,2017,8,30,11,0,25.97,62
Cali,2017,8,30,12,0,27.14,60
Cali,2017,8,30,13,0,27.96,57
Cali,2017,8,30,14,0,28.08,55
Cali,2017,8,30,15,0,26.99,58
Cali,2017,8,30,16,0,25.67,64
Cali,2017,8,30,17,0,24.76,67
Cali,2017,8,30,18,0,23.73,70
Cali,2017,8,30,19,0,22.73,72
Cali,2017,8,30,20,0,22.07,73
Cali,2017,8,30,21,0,21.69,76
Cali,2017,8,30,22,0,21.51,78
Cali,2017,8,30,23,0,21.68,76
Cali,2017,8,31,0,0,21.63,76
Cali,2017,8,31,1,0,21.58,75
Cali,2017,8,31,2,0,21.21,75
Cali,2017,8,31,3,0,20.74,76
Cali,2017,8,31,4,0,20.27,78
Cali,2017,8,31,5,0,19.91,79
Cali,2017,8,31,6,0,19.77,79
Cali,2017,8,31,7,0,21.4,83
Cali,2017,8,31,8,0,22.89,77
Cali,2017,8,31,9,0,24.47,66
Cali,2017,8,31,10,0,26.08,61
Cali,2017,8,31,11,0,27.4,57
Cali,2017,8,31,12,0,28.5,51
Cali,2017,8,31,13,0,29.13,49
Cali,2017,8,31,14,0,29.4,48
Cali,2017,8,31,15,0,29.27,49
Cali,2017,8,31,16,0,28.65,50
Cali,2017,8,31,17,0,27.07,57
Cali,2017,8,31,18,0,23.46,68
Cali,2017,8,31,19,0,22.01,73
Cali,2017,8,31,20,0,22.19,76
Cali,2017,8,31,21,0,22.03,78
Cali,2017,8,31,22,0,21.81,80
Cali,2017,8,31,23,0,21.66,79
Cali,2017,9,1,0,0,21.61,77
Cali,2017,9,1,1,0,21.58,76
Cali,2017,9,1,2,0,21.33,77
Cali,2017,9,1,3,0,21.17,77
Cali,2017,9,1,4,0,20.94,78
Cali,2017,9,1,5,0,20.45,80
Cali,2017,9,1,6,0,19.99,82
Cali,2017,9,1,7,0,21.09,83
Cali,2017,9,1,8,0,22.87,75
Cali,2017,9,1,9,0,24.38,67
Cali,2017,9,1,10,0,25.79,59
Cali,2017,9,1,11,0,27.15,51
Cali,2017,9,1,12,0,28.31,46
Cali,2017,9,1,13,0,29.02,44
Cali,2017,9,1,14,0,29.31,44
Cali,2017,9,1,15,0,29.15,47
Cali,2017,9,1,16,0,27.85,55
Cali,2017,9,1,17,0,24.64,66
Cali,2017,9,1,18,0,22.91,70
Cali,2017,9,1,19,0,22.78,71
Cali,2017,9,1,20,0,22.67,72
Cali,2017,9,1,21,0,22.22,76
Cali,2017,9,1,22,0,21.58,79
Cali,2017,9,1,23,0,21.14,81
Cali,2017,9,2,0,0,20.92,81
Cali,2017,9,2,1,0,20.99,80
Cali,2017,9,2,2,0,20.84,81
Cali,2017,9,2,3,0,20.71,81
Cali,2017,9,2,4,0,20.46,81
Cali,2017,9,2,5,0,20.13,82
Cali,2017,9,2,6,0,19.78,83
Cali,2017,9,2,7,0,21.22,87
Cali,2017,9,2,8,0,22.95,81
Cali,2017,9,2,9,0,23.98,72
Cali,2017,9,2,10,0,25.47,64
Cali,2017,9,2,11,0,26.69,60
Cali,2017,9,2,12,0,27.81,55
Cali,2017,9,2,13,0,27.88,54
Cali,2017,9,2,14,0,26.95,58
Cali,2017,9,2,15,0,25.87,64
Cali,2017,9,2,16,0,25.19,67
Cali,2017,9,2,17,0,24.71,67
Cali,2017,9,2,18,0,24.1,70
Cali,2017,9,2,19,0,23.13,76
Cali,2017,9,2,20,0,22.34,78
Cali,2017,9,2,21,0,21.73,79
Cali,2017,9,2,22,0,21.32,79
Cali,2017,9,2,23,0,21.1,77
Cali,2017,9,3,0,0,20.92,76
Cali,2017,9,3,1,0,20.88,75
Cali,2017,9,3,2,0,20.87,74
Cali,2017,9,3,3,0,20.65,76
Cali,2017,9,3,4,0,20.63,76
Cali,2017,9,3,5,0,20.5,76
Cali,2017,9,3,6,0,20.29,77
Cali,2017,9,3,7,0,21.74,80
Cali,2017,9,3,8,0,23.03,75
Cali,2017,9,3,9,0,24.27,72
Cali,2017,9,3,10,0,25.81,65
Cali,2017,9,3,11,0,27.25,57
Cali,2017,9,3,12,0,28.45,51
Cali,2017,9,3,13,0,29.05,49
Cali,2017,9,3,14,0,29.22,48
Cali,2017,9,3,15,0,28.95,49
Cali,2017,9,3,16,0,27.43,57
Cali,2017,9,3,17,0,24.31,67
Cali,2017,9,3,18,0,22.06,74
Cali,2017,9,3,19,0,22.08,77
Cali,2017,9,3,20,0,22.12,77
Cali,2017,9,3,21,0,21.88,78
Cali,2017,9,3,22,0,21.48,80
Cali,2017,9,3,23,0,21.31,80
Cali,2017,9,4,0,0,21.28,79
Cali,2017,9,4,1,0,21.11,79
Cali,2017,9,4,2,0,20.83,80
Cali,2017,9,4,3,0,20.28,83
Cali,2017,9,4,4,0,19.97,84
Cali,2017,9,4,5,0,19.8,85
Cali,2017,9,4,6,0,19.51,86
Cali,2017,9,4,7,0,20.9,84
Cali,2017,9,4,8,0,22.46,81
Cali,2017,9,4,9,0,23.59,72
Cali,2017,9,4,10,0,25.09,66
Cali,2017,9,4,11,0,26.44,60
Cali,2017,9,4,12,0,27.6,55
Cali,2017,9,4,13,0,28.54,50
Cali,2017,9,4,14,0,28.62,49
Cali,2017,9,4,15,0,27.93,53
Cali,2017,9,4,16,0,25.64,63
Cali,2017,9,4,17,0,22.99,70
Cali,2017,9,4,18,0,22.78,69
Cali,2017,9,4,19,0,22.48,71
Cali,2017,9,4,20,0,21.98,72
Cali,2017,9,4,21,0,21.45,74
Cali,2017,9,4,22,0,20.84,78
Cali,2017,9,4,23,0,20.34,80
Cali,2017,9,5,0,0,19.97,82
Cali,2017,9,5,1,0,19.75,82
Cali,2017,9,5,2,0,19.81,80
Cali,2017,9,5,3,0,19.72,80
Cali,2017,9,5,4,0,19.61,80
Cali,2017,9,5,5,0,19.21,82
Cali,2017,9,5,6,0,18.97,83
Cali,2017,9,5,7,0,19.64,84
Cali,2017,9,5,8,0,21.03,80
Cali,2017,9,5,9,0,22.33,77
Cali,2017,9,5,10,0,23.85,73
Cali,2017,9,5,11,0,25.11,69
Cali,2017,9,5,12,0,26.36,63
Cali,2017,9,5,13,0,27.28,59
Cali,2017,9,5,14,0,26.78,57
Cali,2017,9,5,15,0,26.64,56
Cali,2017,9,5,16,0,26.16,58
Cali,2017,9,5,17,0,25.39,61
Cali,2017,9,5,18,0,23.89,66
Cali,2017,9,5,19,0,22.52,70
Cali,2017,9,5,20,0,21.84,74
Cali,2017,9,5,21,0,21.42,78
Cali,2017,9,5,22,0,21.15,79
Cali,2017,9,5,23,0,21.1,77
Cali,2017,9,6,0,0,21.05,76
Cali,2017,9,6,1,0,20.89,75
Cali,2017,9,6,2,0,20.64,75
Cali,2017,9,6,3,0,20.51,75
Cali,2017,9,6,4,0,20.17,76
Cali,2017,9,6,5,0,19.95,77
Cali,2017,9,6,6,0,19.75,77
Cali,2017,9,6,7,0,20.32,79
Cali,2017,9,6,8,0,21.55,77
Cali,2017,9,6,9,0,22.94,74
Cali,2017,9,6,10,0,24.48,69
Cali,2017,9,6,11,0,25.9,62
Cali,2017,9,6,12,0,27.02,58
Cali,2017,9,6,13,0,27.87,55
Cali,2017,9,6,14,0,28.34,52
Cali,2017,9,6,15,0,28.01,53
Cali,2017,9,6,16,0,25.73,59
Cali,2017,9,6,17,0,24.75,61
Cali,2017,9,6,18,0,23.7,65
Cali,2017,9,6,19,0,22.8,68
Cali,2017,9,6,20,0,0.03,0
Cali,2017,9,6,21,0,0.03,0
Cali,2017,9,6,22,0,0.03,0
Cali,2017,9,6,23,0,0.03,0
Medellin,2017,8,30,0,0,16.8,94
Medellin,2017,8,30,1,0,16.17,95
Medellin,2017,8,30,2,0,15.55,95
Medellin,2017,8,30,3,0,15.12,96
Medellin,2017,8,30,4,0,14.91,96
Medellin,2017,8,30,5,0,14.65,95
Medellin,2017,8,30,6,0,14.25,95
Medellin,2017,8,30,7,0,18.62,90
Medellin,2017,8,30,8,0,20.63,80
Medellin,2017,8,30,9,0,22.18,73
Medellin,2017,8,30,10,0,23.85,65
Medellin,2017,8,30,11,0,24.03,62
Medellin,2017,8,30,12,0,25.79,58
Medellin,2017,8,30,13,0,25.42,58
Medellin,2017,8,30,14,0,24.92,58
Medellin,2017,8,30,15,0,24.65,59
Medellin,2017,8,30,16,0,23.83,63
Medellin,2017,8,30,17,0,22.35,69
Medellin,2017,8,30,18,0,20.44,78
Medellin,2017,8,30,19,0,19.11,87
Medellin,2017,8,30,20,0,18.74,93
Medellin,2017,8,30,21,0,18.45,94
Medellin,2017,8,30,22,0,17.98,95
Medellin,2017,8,30,23,0,17.45,96
Medellin,2017,8,31,0,0,16.68,96
Medellin,2017,8,31,1,0,15.98,96
Medellin,2017,8,31,2,0,15.44,96
Medellin,2017,8,31,3,0,15.08,96
Medellin,2017,8,31,4,0,14.82,96
Medellin,2017,8,31,5,0,14.68,96
Medellin,2017,8,31,6,0,14.57,96
Medellin,2017,8,31,7,0,16.47,90
Medellin,2017,8,31,8,0,19.95,76
Medellin,2017,8,31,9,0,23.39,66
Medellin,2017,8,31,10,0,25.87,55
Medellin,2017,8,31,11,0,27.45,49
Medellin,2017,8,31,12,0,28.23,44
Medellin,2017,8,31,13,0,28.61,40
Medellin,2017,8,31,14,0,27.41,41
Medellin,2017,8,31,15,0,27.83,41
Medellin,2017,8,31,16,0,26.15,50
Medellin,2017,8,31,17,0,22.9,68
Medellin,2017,8,31,18,0,20.7,81
Medellin,2017,8,31,19,0,19.67,85
Medellin,2017,8,31,20,0,18.47,90
Medellin,2017,8,31,21,0,17.83,93
Medellin,2017,8,31,22,0,17.59,93
Medellin,2017,8,31,23,0,17.57,93
Medellin,2017,9,1,0,0,17.43,94
Medellin,2017,9,1,1,0,17.16,94
Medellin,2017,9,1,2,0,16.73,95
Medellin,2017,9,1,3,0,16.37,95
Medellin,2017,9,1,4,0,15.74,97
Medellin,2017,9,1,5,0,15.4,96
Medellin,2017,9,1,6,0,14.97,96
Medellin,2017,9,1,7,0,16.13,90
Medellin,2017,9,1,8,0,20.02,76
Medellin,2017,9,1,9,0,23.64,62
Medellin,2017,9,1,10,0,26.06,51
Medellin,2017,9,1,11,0,27.28,46
Medellin,2017,9,1,12,0,28.12,41
Medellin,2017,9,1,13,0,28.64,37
Medellin,2017,9,1,14,0,28.7,36
Medellin,2017,9,1,15,0,28.16,37
Medellin,2017,9,1,16,0,26.92,41
Medellin,2017,9,1,17,0,25.15,51
Medellin,2017,9,1,18,0,22.3,67
Medellin,2017,9,1,19,0,20.79,80
Medellin,2017,9,1,20,0,19.67,87
Medellin,2017,9,1,21,0,18.93,91
Medellin,2017,9,1,22,0,18.4,94
Medellin,2017,9,1,23,0,17.77,97
Medellin,2017,9,2,0,0,17.59,96
Medellin,2017,9,2,1,0,17.3,96
Medellin,2017,9,2,2,0,16.95,96
Medellin,2017,9,2,3,0,16.55,96
Medellin,2017,9,2,4,0,16.12,96
Medellin,2017,9,2,5,0,15.7,96
Medellin,2017,9,2,6,0,15.35,96
Medellin,2017,9,2,7,0,19.02,92
Medellin,2017,9,2,8,0,21.22,82
Medellin,2017,9,2,9,0,23.14,72
Medellin,2017,9,2,10,0,23.73,66
Medellin,2017,9,2,11,0,24.84,60
Medellin,2017,9,2,12,0,26.76,55
Medellin,2017,9,2,13,0,25.41,58
Medellin,2017,9,2,14,0,25,60
Medellin,2017,9,2,15,0,24.17,64
Medellin,2017,9,2,16,0,22.39,74
Medellin,2017,9,2,17,0,20.77,82
Medellin,2017,9,2,18,0,19.92,87
Medellin,2017,9,2,19,0,19.28,89
Medellin,2017,9,2,20,0,18.64,93
Medellin,2017,9,2,21,0,18.19,97
Medellin,2017,9,2,22,0,18.04,97
Medellin,2017,9,2,23,0,17.43,97
Medellin,2017,9,3,0,0,16.81,97
Medellin,2017,9,3,1,0,16.34,97
Medellin,2017,9,3,2,0,15.92,97
Medellin,2017,9,3,3,0,15.65,97
Medellin,2017,9,3,4,0,15.44,97
Medellin,2017,9,3,5,0,15.3,97
Medellin,2017,9,3,6,0,15.21,97
Medellin,2017,9,3,7,0,18.68,92
Medellin,2017,9,3,8,0,20.46,82
Medellin,2017,9,3,9,0,21.86,76
Medellin,2017,9,3,10,0,23.61,67
Medellin,2017,9,3,11,0,25.67,58
Medellin,2017,9,3,12,0,26.9,54
Medellin,2017,9,3,13,0,25.6,56
Medellin,2017,9,3,14,0,25.36,58
Medellin,2017,9,3,15,0,26.03,57
Medellin,2017,9,3,16,0,24.72,59
Medellin,2017,9,3,17,0,23.63,63
Medellin,2017,9,3,18,0,21.49,73
Medellin,2017,9,3,19,0,19.49,86
Medellin,2017,9,3,20,0,19.1,94
Medellin,2017,9,3,21,0,18.95,95
Medellin,2017,9,3,22,0,18.25,95
Medellin,2017,9,3,23,0,17.68,95
Medellin,2017,9,4,0,0,17.12,95
Medellin,2017,9,4,1,0,16.61,95
Medellin,2017,9,4,2,0,15.98,96
Medellin,2017,9,4,3,0,15.54,96
Medellin,2017,9,4,4,0,15.2,96
Medellin,2017,9,4,5,0,14.94,96
Medellin,2017,9,4,6,0,14.72,96
Medellin,2017,9,4,7,0,16.25,95
Medellin,2017,9,4,8,0,19.23,85
Medellin,2017,9,4,9,0,22.15,75
Medellin,2017,9,4,10,0,24.36,64
Medellin,2017,9,4,11,0,25.92,57
Medellin,2017,9,4,12,0,26.89,52
Medellin,2017,9,4,13,0,27.38,49
Medellin,2017,9,4,14,0,26.3,50
Medellin,2017,9,4,15,0,26.1,50
Medellin,2017,9,4,16,0,26.08,52
Medellin,2017,9,4,17,0,24.53,57
Medellin,2017,9,4,18,0,21.75,70
Medellin,2017,9,4,19,0,20.18,82
Medellin,2017,9,4,20,0,19.89,89
Medellin,2017,9,4,21,0,19.82,90
Medellin,2017,9,4,22,0,19.39,91
Medellin,2017,9,4,23,0,18.91,91
Medellin,2017,9,5,0,0,18.16,92
Medellin,2017,9,5,1,0,17.74,93
Medellin,2017,9,5,2,0,17.37,93
Medellin,2017,9,5,3,0,17.04,93
Medellin,2017,9,5,4,0,16.63,93
Medellin,2017,9,5,5,0,16.17,94
Medellin,2017,9,5,6,0,15.56,96
Medellin,2017,9,5,7,0,17.75,86
Medellin,2017,9,5,8,0,21,73
Medellin,2017,9,5,9,0,23.2,64
Medellin,2017,9,5,10,0,24.74,59
Medellin,2017,9,5,11,0,24.22,59
Medellin,2017,9,5,12,0,24.31,58
Medellin,2017,9,5,13,0,26.32,54
Medellin,2017,9,5,14,0,25.11,56
Medellin,2017,9,5,15,0,24.41,60
Medellin,2017,9,5,16,0,23.36,66
Medellin,2017,9,5,17,0,22.21,72
Medellin,2017,9,5,18,0,21.1,77
Medellin,2017,9,5,19,0,19.43,86
Medellin,2017,9,5,20,0,18.92,90
Medellin,2017,9,5,21,0,18.14,91
Medellin,2017,9,5,22,0,17.55,95
Medellin,2017,9,5,23,0,17.53,95
Medellin,2017,9,6,0,0,17.33,96
Medellin,2017,9,6,1,0,16.85,96
Medellin,2017,9,6,2,0,16.3,96
Medellin,2017,9,6,3,0,15.82,96
Medellin,2017,9,6,4,0,15.36,96
Medellin,2017,9,6,5,0,15,96
Medellin,2017,9,6,6,0,14.76,96
Medellin,2017,9,6,7,0,15.48,94
Medellin,2017,9,6,8,0,18.45,84
Medellin,2017,9,6,9,0,21.91,72
Medellin,2017,9,6,10,0,24.39,62
Medellin,2017,9,6,11,0,25.88,56
Medellin,2017,9,6,12,0,26.86,53
Medellin,2017,9,6,13,0,27.35,51
Medellin,2017,9,6,14,0,26.19,54
Medellin,2017,9,6,15,0,25.5,56
Medellin,2017,9,6,16,0,24.93,57
Medellin,2017,9,6,17,0,23.89,63
Medellin,2017,9,6,18,0,21.28,75
Medellin,2017,9,6,19,0,19.98,85
Pasto,2017,8,30,0,0,11.1,79
Pasto,2017,8,30,1,0,10.26,76
Pasto,2017,8,30,2,0,9.43,79
Pasto,2017,8,30,3,0,9.45,87
Pasto,2017,8,30,4,0,10.2,86
Pasto,2017,8,30,5,0,10.01,84
Pasto,2017,8,30,6,0,10.2,81
Pasto,2017,8,30,7,0,13.25,75
Pasto,2017,8,30,8,0,14.91,67
Pasto,2017,8,30,9,0,16.27,61
Pasto,2017,8,30,10,0,17.65,56
Pasto,2017,8,30,11,0,18.11,55
Pasto,2017,8,30,12,0,18.43,54
Pasto,2017,8,30,13,0,18.81,52
Pasto,2017,8,30,14,0,19.02,52
Pasto,2017,8,30,15,0,18.96,53
Pasto,2017,8,30,16,0,18.05,58
Pasto,2017,8,30,17,0,16.13,67
Pasto,2017,8,30,18,0,14.83,70
Pasto,2017,8,30,19,0,13.12,71
Pasto,2017,8,30,20,0,12.34,73
Pasto,2017,8,30,21,0,12.37,78
Pasto,2017,8,30,22,0,13.59,82
Pasto,2017,8,30,23,0,13.47,86
Pasto,2017,8,31,0,0,12.86,95
Pasto,2017,8,31,1,0,12.18,96
Pasto,2017,8,31,2,0,12.16,96
Pasto,2017,8,31,3,0,12.1,96
Pasto,2017,8,31,4,0,12.04,96
Pasto,2017,8,31,5,0,12,96
Pasto,2017,8,31,6,0,11.58,96
Pasto,2017,8,31,7,0,11.91,79
Pasto,2017,8,31,8,0,13.67,71
Pasto,2017,8,31,9,0,14.41,71
Pasto,2017,8,31,10,0,15.48,68
Pasto,2017,8,31,11,0,15.77,67
Pasto,2017,8,31,12,0,15.75,68
Pasto,2017,8,31,13,0,16.78,64
Pasto,2017,8,31,14,0,16.47,62
Pasto,2017,8,31,15,0,16.21,61
Pasto,2017,8,31,16,0,16.05,58
Pasto,2017,8,31,17,0,14.64,64
Pasto,2017,8,31,18,0,12.31,77
Pasto,2017,8,31,19,0,10.84,87
Pasto,2017,8,31,20,0,11.31,83
Pasto,2017,8,31,21,0,11.49,81
Pasto,2017,8,31,22,0,11.91,79
Pasto,2017,8,31,23,0,11.15,83
Pasto,2017,9,1,0,0,11.1,86
Pasto,2017,9,1,1,0,10.81,88
Pasto,2017,9,1,2,0,11.23,86
Pasto,2017,9,1,3,0,10.84,88
Pasto,2017,9,1,4,0,11.39,86
Pasto,2017,9,1,5,0,10.84,87
Pasto,2017,9,1,6,0,11.29,84
Pasto,2017,9,1,7,0,10.91,71
Pasto,2017,9,1,8,0,14.99,58
Pasto,2017,9,1,9,0,16.8,50
Pasto,2017,9,1,10,0,17.9,49
Pasto,2017,9,1,11,0,18.3,50
Pasto,2017,9,1,12,0,18.28,50
Pasto,2017,9,1,13,0,18.22,50
Pasto,2017,9,1,14,0,17.68,54
Pasto,2017,9,1,15,0,16.87,57
Pasto,2017,9,1,16,0,16.01,59
Pasto,2017,9,1,17,0,14.89,62
Pasto,2017,9,1,18,0,12.84,71
Pasto,2017,9,1,19,0,11.1,78
Pasto,2017,9,1,20,0,10.59,81
Pasto,2017,9,1,21,0,11.06,79
Pasto,2017,9,1,22,0,11.05,74
Pasto,2017,9,1,23,0,11.31,74
Pasto,2017,9,2,0,0,11.54,79
Pasto,2017,9,2,1,0,11.26,83
Pasto,2017,9,2,2,0,11.54,82
Pasto,2017,9,2,3,0,11.15,84
Pasto,2017,9,2,4,0,10.92,84
Pasto,2017,9,2,5,0,10.42,83
Pasto,2017,9,2,6,0,10.43,82
Pasto,2017,9,2,7,0,12.4,74
Pasto,2017,9,2,8,0,14.21,67
Pasto,2017,9,2,9,0,16.48,60
Pasto,2017,9,2,10,0,17.6,57
Pasto,2017,9,2,11,0,18.56,54
Pasto,2017,9,2,12,0,19.57,51
Pasto,2017,9,2,13,0,19.64,50
Pasto,2017,9,2,14,0,19.11,53
Pasto,2017,9,2,15,0,18.31,56
Pasto,2017,9,2,16,0,17.24,60
Pasto,2017,9,2,17,0,16.64,63
Pasto,2017,9,2,18,0,14.68,71
Pasto,2017,9,2,19,0,12.3,80
Pasto,2017,9,2,20,0,12.18,81
Pasto,2017,9,2,21,0,12.38,78
Pasto,2017,9,2,22,0,12.28,78
Pasto,2017,9,2,23,0,12.46,81
Pasto,2017,9,3,0,0,12.71,81
Pasto,2017,9,3,1,0,12.26,82
Pasto,2017,9,3,2,0,11.94,82
Pasto,2017,9,3,3,0,11.17,81
Pasto,2017,9,3,4,0,11.18,76
Pasto,2017,9,3,5,0,11.15,75
Pasto,2017,9,3,6,0,10.91,78
Pasto,2017,9,3,7,0,12.56,77
Pasto,2017,9,3,8,0,14.71,66
Pasto,2017,9,3,9,0,15.84,60
Pasto,2017,9,3,10,0,16.5,60
Pasto,2017,9,3,11,0,17.08,58
Pasto,2017,9,3,12,0,18.13,54
Pasto,2017,9,3,13,0,18.5,50
Pasto,2017,9,3,14,0,18.25,52
Pasto,2017,9,3,15,0,17.09,58
Pasto,2017,9,3,16,0,16.38,62
Pasto,2017,9,3,17,0,15.36,61
Pasto,2017,9,3,18,0,13.05,66
Pasto,2017,9,3,19,0,10.81,69
Pasto,2017,9,3,20,0,10.83,69
Pasto,2017,9,3,21,0,10.64,80
Pasto,2017,9,3,22,0,10.23,84
Pasto,2017,9,3,23,0,9.67,88
Pasto,2017,9,4,0,0,9.09,89
Pasto,2017,9,4,1,0,9.07,90
Pasto,2017,9,4,2,0,9.26,91
Pasto,2017,9,4,3,0,9.33,92
Pasto,2017,9,4,4,0,9.34,93
Pasto,2017,9,4,5,0,9.01,92
Pasto,2017,9,4,6,0,8.68,91
Pasto,2017,9,4,7,0,11.65,63
Pasto,2017,9,4,8,0,14.69,52
Pasto,2017,9,4,9,0,16.63,48
Pasto,2017,9,4,10,0,17.97,47
Pasto,2017,9,4,11,0,18.91,47
Pasto,2017,9,4,12,0,19.4,47
Pasto,2017,9,4,13,0,19.53,46
Pasto,2017,9,4,14,0,19.29,45
Pasto,2017,9,4,15,0,19.02,43
Pasto,2017,9,4,16,0,18.38,44
Pasto,2017,9,4,17,0,17.16,44
Pasto,2017,9,4,18,0,14.12,55
Pasto,2017,9,4,19,0,11.75,66
Pasto,2017,9,4,20,0,10.74,72
Pasto,2017,9,4,21,0,10.27,74
Pasto,2017,9,4,22,0,10.13,74
Pasto,2017,9,4,23,0,10.19,78
Pasto,2017,9,5,0,0,9.57,82
Pasto,2017,9,5,1,0,9.13,78
Pasto,2017,9,5,2,0,8.93,75
Pasto,2017,9,5,3,0,8.89,76
Pasto,2017,9,5,4,0,8.77,81
Pasto,2017,9,5,5,0,8.75,88
Pasto,2017,9,5,6,0,9.39,91
Pasto,2017,9,5,7,0,12.6,81
Pasto,2017,9,5,8,0,15.63,66
Pasto,2017,9,5,9,0,17.15,61
Pasto,2017,9,5,10,0,18.27,58
Pasto,2017,9,5,11,0,18.73,57
Pasto,2017,9,5,12,0,19.23,55
Pasto,2017,9,5,13,0,19.73,52
Pasto,2017,9,5,14,0,20.13,51
Pasto,2017,9,5,15,0,17.77,64
Pasto,2017,9,5,16,0,17,68
Pasto,2017,9,5,17,0,16.77,69
Pasto,2017,9,5,18,0,14.87,74
Pasto,2017,9,5,19,0,13.18,78
Pasto,2017,9,5,20,0,11.75,77
Pasto,2017,9,5,21,0,10.51,76
Pasto,2017,9,5,22,0,9.84,79
Pasto,2017,9,5,23,0,11,75
Pasto,2017,9,6,0,0,10.8,78
Pasto,2017,9,6,1,0,10.66,78
Pasto,2017,9,6,2,0,10.61,78
Pasto,2017,9,6,3,0,11.63,75
Pasto,2017,9,6,4,0,11.48,75
Pasto,2017,9,6,5,0,11.29,75
Pasto,2017,9,6,6,0,10.9,78
Pasto,2017,9,6,7,0,12.55,73
Pasto,2017,9,6,8,0,15.21,62
Pasto,2017,9,6,9,0,16.57,59
Pasto,2017,9,6,10,0,17.46,58
Pasto,2017,9,6,11,0,18.18,57
Pasto,2017,9,6,12,0,18.01,57
Pasto,2017,9,6,13,0,19.45,52
Pasto,2017,9,6,14,0,20.18,50
Pasto,2017,9,6,15,0,18.29,63
Pasto,2017,9,6,16,0,17.81,71
Pasto,2017,9,6,17,0,16.74,77
Pasto,2017,9,6,18,0,15.42,82
Pasto,2017,9,6,19,0,14.17,92
Popayan,2017,8,30,0,0,15.84,97
Popayan,2017,8,30,1,0,15.65,97
Popayan,2017,8,30,2,0,15.14,94
Popayan,2017,8,30,3,0,14.89,91
Popayan,2017,8,30,4,0,14.69,88
Popayan,2017,8,30,5,0,14.7,87
Popayan,2017,8,30,6,0,14.04,86
Popayan,2017,8,30,7,0,16.69,87
Popayan,2017,8,30,8,0,18.99,78
Popayan,2017,8,30,9,0,20.62,74
Popayan,2017,8,30,10,0,21.89,69
Popayan,2017,8,30,11,0,21.75,67
Popayan,2017,8,30,12,0,22.77,64
Popayan,2017,8,30,13,0,22.23,63
Popayan,2017,8,30,14,0,21.31,64
Popayan,2017,8,30,15,0,21.25,64
Popayan,2017,8,30,16,0,20.51,68
Popayan,2017,8,30,17,0,19.53,73
Popayan,2017,8,30,18,0,18.34,79
Popayan,2017,8,30,19,0,17.62,85
Popayan,2017,8,30,20,0,17.02,90
Popayan,2017,8,30,21,0,15.8,97
Popayan,2017,8,30,22,0,16.05,96
Popayan,2017,8,30,23,0,15.95,96
Popayan,2017,8,31,0,0,15.43,96
Popayan,2017,8,31,1,0,15.02,97
Popayan,2017,8,31,2,0,14.73,97
Popayan,2017,8,31,3,0,14.72,95
Popayan,2017,8,31,4,0,14.77,92
Popayan,2017,8,31,5,0,14.67,91
Popayan,2017,8,31,6,0,14.47,91
Popayan,2017,8,31,7,0,13.91,76
Popayan,2017,8,31,8,0,19.13,67
Popayan,2017,8,31,9,0,22.38,53
Popayan,2017,8,31,10,0,24.25,47
Popayan,2017,8,31,11,0,25.14,46
Popayan,2017,8,31,12,0,25.9,43
Popayan,2017,8,31,13,0,26.11,40
Popayan,2017,8,31,14,0,25.73,40
Popayan,2017,8,31,15,0,25.14,40
Popayan,2017,8,31,16,0,24.49,39
Popayan,2017,8,31,17,0,23.54,40
Popayan,2017,8,31,18,0,21.55,48
Popayan,2017,8,31,19,0,18.9,64
Popayan,2017,8,31,20,0,17.1,79
Popayan,2017,8,31,21,0,16.62,84
Popayan,2017,8,31,22,0,16.9,88
Popayan,2017,8,31,23,0,16.62,91
Popayan,2017,9,1,0,0,16.31,93
Popayan,2017,9,1,1,0,16.01,96
Popayan,2017,9,1,2,0,15.84,96
Popayan,2017,9,1,3,0,15.58,96
Popayan,2017,9,1,4,0,15.32,96
Popayan,2017,9,1,5,0,15.08,96
Popayan,2017,9,1,6,0,14.68,96
Popayan,2017,9,1,7,0,14.86,64
Popayan,2017,9,1,8,0,18.37,63
Popayan,2017,9,1,9,0,20.05,58
Popayan,2017,9,1,10,0,21.17,58
Popayan,2017,9,1,11,0,22.47,56
Popayan,2017,9,1,12,0,23.83,54
Popayan,2017,9,1,13,0,24.78,51
Popayan,2017,9,1,14,0,25.35,48
Popayan,2017,9,1,15,0,24.27,48
Popayan,2017,9,1,16,0,23.81,49
Popayan,2017,9,1,17,0,23.57,52
Popayan,2017,9,1,18,0,20.94,67
Popayan,2017,9,1,19,0,18.93,79
Popayan,2017,9,1,20,0,18.94,82
Popayan,2017,9,1,21,0,18.55,83
Popayan,2017,9,1,22,0,17.97,83
Popayan,2017,9,1,23,0,16.42,88
Popayan,2017,9,2,0,0,15.54,89
Popayan,2017,9,2,1,0,15.07,89
Popayan,2017,9,2,2,0,15.04,86
Popayan,2017,9,2,3,0,15.46,85
Popayan,2017,9,2,4,0,15.42,85
Popayan,2017,9,2,5,0,15.18,86
Popayan,2017,9,2,6,0,14.21,87
Popayan,2017,9,2,7,0,14.86,71
Popayan,2017,9,2,8,0,17.71,72
Popayan,2017,9,2,9,0,19.34,75
Popayan,2017,9,2,10,0,21.01,72
Popayan,2017,9,2,11,0,22.22,67
Popayan,2017,9,2,12,0,23.32,60
Popayan,2017,9,2,13,0,21.88,62
Popayan,2017,9,2,14,0,21.98,61
Popayan,2017,9,2,15,0,21.42,65
Popayan,2017,9,2,16,0,20.23,72
Popayan,2017,9,2,17,0,19.25,78
Popayan,2017,9,2,18,0,17.84,85
Popayan,2017,9,2,19,0,17.1,91
Popayan,2017,9,2,20,0,16.67,95
Popayan,2017,9,2,21,0,16.55,97
Popayan,2017,9,2,22,0,16.53,97
Popayan,2017,9,2,23,0,16.29,97
Popayan,2017,9,3,0,0,15.97,97
Popayan,2017,9,3,1,0,15.64,97
Popayan,2017,9,3,2,0,15.41,96
Popayan,2017,9,3,3,0,15.24,94
Popayan,2017,9,3,4,0,15.12,93
Popayan,2017,9,3,5,0,14.24,93
Popayan,2017,9,3,6,0,13.83,89
Popayan,2017,9,3,7,0,14.83,67
Popayan,2017,9,3,8,0,18.81,62
Popayan,2017,9,3,9,0,20.93,59
Popayan,2017,9,3,10,0,22.95,56
Popayan,2017,9,3,11,0,24.82,47
Popayan,2017,9,3,12,0,26.07,39
Popayan,2017,9,3,13,0,26.54,37
Popayan,2017,9,3,14,0,26.47,37
Popayan,2017,9,3,15,0,26.02,37
Popayan,2017,9,3,16,0,25.34,38
Popayan,2017,9,3,17,0,24.15,41
Popayan,2017,9,3,18,0,21.35,58
Popayan,2017,9,3,19,0,19.36,77
Popayan,2017,9,3,20,0,18.25,89
Popayan,2017,9,3,21,0,17.56,89
Popayan,2017,9,3,22,0,17.03,88
Popayan,2017,9,3,23,0,16.25,86
Popayan,2017,9,4,0,0,15.42,85
Popayan,2017,9,4,1,0,14.26,86
Popayan,2017,9,4,2,0,13.85,82
Popayan,2017,9,4,3,0,13.6,79
Popayan,2017,9,4,4,0,13.56,77
Popayan,2017,9,4,5,0,13.47,78
Popayan,2017,9,4,6,0,13.12,79
Popayan,2017,9,4,7,0,13.66,62
Popayan,2017,9,4,8,0,17.16,65
Popayan,2017,9,4,9,0,18.66,70
Popayan,2017,9,4,10,0,20.6,69
Popayan,2017,9,4,11,0,22.29,64
Popayan,2017,9,4,12,0,23.02,62
Popayan,2017,9,4,13,0,22.6,63
Popayan,2017,9,4,14,0,24.19,57
Popayan,2017,9,4,15,0,22.98,58
Popayan,2017,9,4,16,0,22.35,58
Popayan,2017,9,4,17,0,21.84,59
Popayan,2017,9,4,18,0,19.9,64
Popayan,2017,9,4,19,0,18.58,69
Popayan,2017,9,4,20,0,18.22,75
Popayan,2017,9,4,21,0,17.61,81
Popayan,2017,9,4,22,0,17.24,83
Popayan,2017,9,4,23,0,16.81,82
Popayan,2017,9,5,0,0,16.36,82
Popayan,2017,9,5,1,0,15.81,83
Popayan,2017,9,5,2,0,15.55,80
Popayan,2017,9,5,3,0,15.03,78
Popayan,2017,9,5,4,0,14.34,77
Popayan,2017,9,5,5,0,13.68,77
Popayan,2017,9,5,6,0,13.09,77
Popayan,2017,9,5,7,0,13.77,78
Popayan,2017,9,5,8,0,15.05,86
Popayan,2017,9,5,9,0,16.45,89
Popayan,2017,9,5,10,0,19.01,79
Popayan,2017,9,5,11,0,21.63,65
Popayan,2017,9,5,12,0,23.92,55
Popayan,2017,9,5,13,0,22.52,58
Popayan,2017,9,5,14,0,21.94,61
Popayan,2017,9,5,15,0,21,67
Popayan,2017,9,5,16,0,20.13,71
Popayan,2017,9,5,17,0,19.41,75
Popayan,2017,9,5,18,0,18.47,80
Popayan,2017,9,5,19,0,17.95,83
Popayan,2017,9,5,20,0,17.37,89
Popayan,2017,9,5,21,0,16.78,94
Popayan,2017,9,5,22,0,16.58,97
Popayan,2017,9,5,23,0,16.42,96
Popayan,2017,9,6,0,0,16.15,94
Popayan,2017,9,6,1,0,15.8,94
Popayan,2017,9,6,2,0,15.31,94
Popayan,2017,9,6,3,0,15.05,94
Popayan,2017,9,6,4,0,14.18,92
Popayan,2017,9,6,5,0,13.63,87
Popayan,2017,9,6,6,0,13.18,81
Popayan,2017,9,6,7,0,14.71,77
Popayan,2017,9,6,8,0,16.94,79
Popayan,2017,9,6,9,0,18.38,80
Popayan,2017,9,6,10,0,20.26,71
Popayan,2017,9,6,11,0,22.53,60
Popayan,2017,9,6,12,0,23.87,54
Popayan,2017,9,6,13,0,23.35,54
Popayan,2017,9,6,14,0,22.56,57
Popayan,2017,9,6,15,0,22.11,61
Popayan,2017,9,6,16,0,21.17,67
Popayan,2017,9,6,17,0,20.23,72
Popayan,2017,9,6,18,0,18.75,80
Popayan,2017,9,6,19,0,18,85
